,review,rating,title,userName,date,developerResponse,isEdited
0,"Not sure if itâ€™s an app issue. But the service of Daily Pay is not what itâ€™s cracked up to be. Went to sleep and woke up to a text saying my balance went up, I log in and my balance is $0?. Also thereâ€™s a pending credit of less than what my balance was the day before being sent to my bank account as the remainder of my check for a pay period that does not end for another week and a half smh. Customer service being closed on weekends is horrible ðŸ˜“. Thought I was finally going to be able to catch up on some bills I thought wrong.",5,Not satisfied with Service,Custumer1114,2018-12-22 14:31:32,"{'id': 8065800, 'body': ""We're sorry to hear you had a frustrating experience. We are excited to say that as we grow, we do offer support Sat. 10am - 4pm EST in addition to Mon - Fri 8am - 9pm EST. You can also always send us an email to be responded to next business day. Feel free to reach out with any questions of the services we offer."", 'modified': '2019-04-04T20:23:27Z'}",False
1,"I helped out at an additional store last pay period. I didnâ€™t get paid for one of my stores. When I called to fix it they pushed over a payment that was really a sort of pay-in-advance payment because the pushed forward money they didnâ€™t have to back up that I DEFINITELY didnâ€™t ask for. I asked for answers and what could be done, NOT borrowed money. Then that put my daily pay account into negative. I called for a week in a half to fix the problem by pay day today so I could get the money I deserve. No one on daily pay reached out to ever. I always called in. Despite them marking my account as urgent numerous times and filling escalation tickets nothing got done and magically for a week and a half while a called a manager was never in? Itâ€™s been 2 pay period and I havenâ€™t gotten the money I worked for thanks to daily classifying my check wrong. A fixable problem thatâ€™s taken a week and a half just to be heard and hopefully itâ€™ll be solved. And the best part is I canâ€™t leave and get my money bc daily pay states Iâ€™ll lose access. This organization is ridiculous.",1,HORRIBLE!! Steer clear.,- JA,2020-01-10 15:26:33,"{'id': 12892671, 'body': ""We sincerely apologize for the frustration and trouble caused. If there's anything further we can assist with regarding this instance, please don't hesitate to reach out to employee.support@dailypay.com for additional investigation. "", 'modified': '2020-01-13T20:07:01Z'}",False
2,"The app has worked pretty well for me, but I was just trying to withdraw some money since I need to pay rent and it said there was a problem with the card. No explanation as to why, just told me to try again in 24 hours or add a new debit card. I donâ€™t have another debit card, and Iâ€™m not waiting another day to try it again. I made a transfer the day before and it worked just fine. Kind of needed the money now. Support said the Visa/MasterCard system was down, but does it really take 24 hours to start working again? I hope thatâ€™s an issue that you guys are working on as soon as possible, because I imagine that there are a lot of customers who use Visa/MasterCard to transfer money to.",3,"Normally works pretty well, but has its issues. I know nothingâ€™s perfect, but....",Mr Wiseguy,2019-10-09 14:26:24,"{'id': 11156399, 'body': 'Thank you for taking the time to leave a review! We appreciate the feedback regarding the instant transfer option and Visa/Mastercard network, and are always looking for ways to improve our service. ', 'modified': '2019-10-09T22:03:50Z'}",False
3,"First and foremost, a lot of these issues are issues with the payroll provider/employer and not DailyPay. It makes no sense to judge the app and service on the faults of your payroll processing late or not correcting your time punches. 

It serves itâ€™s purpose and as long as your employer transmits accurately and on time. Then it works as intended. Itâ€™s very simple. For a minuscule fee, you can access your would be funds in advance. The remainder is deposited. There are cut off times, to start new pay periods and to conclude final payments a few days prior to when you would get paid traditionally.",5,Bad Reviews are out of ignorance.,ThusFarJai,2020-10-28 15:55:08,,False
4,"At first...it would allow me to transfer money to my account before payday but...this time, I had a certain amount that I havenâ€™t transferred any money to my account and it was lesser than what I had at first as my available balance so I just wrote an email and transferred whatever that I had at the moment because I didnâ€™t want to take any chances of noticing that I donâ€™t have any money.",5,Balance decreased for some unknown reason,reahdoll,2019-11-15 06:46:40,"{'id': 11911059, 'body': ""We're sorry to hear about the confusion! Our Support Team is always happy to answer any questions. "", 'modified': '2019-11-18T14:45:05Z'}",False
5,Iâ€™ve had DailyPay for 10 months now and the last 2 months or so Iâ€™ve had nothing but problems!! Everyday I work I have to call them the following morning to ask them if my money is showing up. I usually get paid the next day after working by 11am. It now takes 3-4 days to even get my available balance after I call them 3 or more times just for someone to look into it then 4 days later I finally get my money. Everytime I work I have to go through this and it being Christmas tome they just screwed me. I needed someone money early and still havenâ€™t got my 200$ that I needed 2 days ago! Oh and you guys need to fix your chat option bc it havenâ€™t worked for me in over a month. Something needs done about this!!!â€™ I swear I will get a lawyer if just one tome I never get my money !,1,Frustrated,AshMarie729,2019-12-25 09:12:05,"{'id': 12616100, 'body': 'We are sorry to hear that you did not have a positive experience using DailyPay. We are also disappointed to hear that you did not have a positive experience when trying to reach out to our Support Team. We want to assure you that we are always working to ensure we provide the best service and support.', 'modified': '2019-12-27T15:45:50Z'}",False
6,Where do I even begin? Is it the fact that the app still isnâ€™t optimized for modern iPhones? Is it the fact that instant payments are always being worked on? Iâ€™d get sometimes 2-3 emails a week telling me instant payments were down for maintenance. The company I worked for had to restrict access to early commission payouts through DailyPay because DailyPay overpaid everybody and had to retract it out of everyoneâ€™s next paycheck. How do you overpay an entire company when the whole point of your service is a glorified payroll product? I was laid off from the company I worked for that used DailyPay and I have now been on hold for 17 minutes at 9:30am to talk to someone because my final paycheck still hasnâ€™t hit my bank account. I canâ€™t wait to never use this again.,1,"Okay App, Awful Service",coldRooster,2019-12-20 14:40:22,"{'id': 12550852, 'body': 'We are sorry to hear that you did not have a positive experience using DailyPay. We are also disappointed to hear that you did not have a positive experience when trying to reach out to our Support Team. We want to assure you that we are always working to ensure we provide the best service and support.', 'modified': '2019-12-23T16:26:16Z'}",False
7,"Once again DailyPay is not working. I have had daily pay for 2 months and this is the second time my available balance isnâ€™t updating. I worked the 3rd, got paid for the 4th thru my job but not updated on dailypay, and worked the 5th, my available balance hasnâ€™t been updated since the 3rd at 3:30AM, so when it says balance updated every morning at 2:45 thatâ€™s a complete lie. Contacted costumer service they said my balance should update in 24hours and that they seen my hours for those days were there, here I am 24 hours later and nothing, so it hadnâ€™t been a day since itâ€™s updated itâ€™s been since the 3rd and today is the 7th!  If you are depending on dailypay to help you before payday please donâ€™t!",1,Not too happy,Trina098,2019-07-07 18:27:09,"{'id': 9136528, 'body': ""We're sorry to hear you had a frustrating experience. If there's any questions we can answer on our transfer options, please feel free to send us an email to employee.support@dailypay.com."", 'modified': '2019-06-12T19:38:59Z'}",True
8,This app is absolutely trash. I created an account it said it was made. Came back to it later and was unable to sign in with the email I provided. Now how does that work Iâ€™m so unhappy with this application that I will delete it ASAP. Donâ€™t download or use this I feel like itâ€™s a way for them to gather your personal data and to the creators of the app if you made a good app that actually worked I wouldnâ€™t have said anything about it. But I have a family to feed and this locking me out doesnâ€™t allow me to change the settings bc I canâ€™t sign in to change it. Only downloaded for work and now itâ€™s a useless waste of space on my phone. Major waste of time aswell.,1,Worst finance app I have ever used.,dickonthewater,2019-06-03 14:24:24,"{'id': 9025291, 'body': ""We're sorry to hear that you had a frustrating experience. Can you reach out to employee.support@dailypay.com? We'd really like to investigate this further."", 'modified': '2019-06-05T13:17:50Z'}",False
9,"This app is horrible. And doesnâ€™t explain everything thatâ€™s going on. Also funds donâ€™t appear to be correct. I earned more in tips than what is shown. Either gig company failed to send the correct amount, or DailyPay is skimming off some of the money. It also mention something about taxes, which isnâ€™t valid as a gig worker, as we are Independent Contractors and responsible for our own tax deductions. The app is also not optimized for iPhone X or newer phones. Some of the buttons are hidden behind the battery icon so you canâ€™t click them. Also you have to enter your login details ever time you open the app, which is super annoying. No Face/Touch ID support.",1,Beware!,mcbaer,2020-06-03 22:07:57,,False
10,"Do not use this app DailyPay is absolutely 100% terrible. I used it a few times and every time it always a issue. They paid me double what I was suppose to get, reverse the one of the transactions back out of my bank account, then deducted the same amount from my next check. They donâ€™t respond to any email and barely answer phone calls. Waited 45 min on hold before being connected to a customer service representative. They absolutely understand nothing and is just super rude. I asked to speak to a supervisor and was told NO. Smh they literally told me NO. I reported them to my job HR department, so hopefully they quit working with DailyPay. Iâ€™m warning you guys stay AWAY.",1,Warning !!!,KenBengal,2019-12-30 22:55:04,"{'id': 12753347, 'body': ""We're sorry to hear about the less than satisfactory customer experience you encountered. Our team is always looking for ways to improve our Support team experience."", 'modified': '2020-01-06T18:34:54Z'}",False
11,"This app is so great and has helped me so much!! The people behind it have also been so helpful when I need questions answered!! I also just won $500 from the sweepstakes!! Overall I have had 0 complaints with dailypay, I love it and it came with more benefits than I thought a app could!!",5,Awesome,Lord nacho sauce,2020-10-09 19:38:03,,False
12,"Works pretty good for what I need it for (money, and thatâ€™s if I need it) but I do like to check my balance on here frequently and I find it very annoying to have to type my whole email and then only have my passwords button come up when I begin typing my password button. If there was a Touch ID option or the passwords option available from the email field then it would be a bit more convenient.",4,Decent,Azazael666,2020-03-08 02:23:43,"{'id': 11911071, 'body': 'We appreciate your feedback and insight! Thanks for leaving a review. ', 'modified': '2019-11-18T14:45:32Z'}",True
13,"I love using this app mostly to see how far along I am after each shift. Sometimes I use the instant transfer so I can help out with bills and such. Never had a problem with that until recently. My paycard gets declined each time now, without an explanation of why. It was working fine in the past, but now the instant transfer does not work for me. I canâ€™t just pull out another card to try. But overall, very helpful.",3,Great app but starting to have issues...,KoRn<3,2020-05-23 15:10:36,,False
14,"The only thing keeping it at a 4 is when on the log in screen itâ€™s like my touch screen goes crazy. I tap email and 3 or 4 times while typing, the screen goes back out causing me to tap the spot to open an account. Have to shut it down and restart to log in. Other than that itâ€™s been very useful keeping bills up to date.",4,Useful App.,Dirthugger,2019-03-24 04:05:57,"{'id': 8065713, 'body': 'Thank you for the kind words and for letting us know about this issue. We are looking into it further, and apologize for any inconvenience.', 'modified': '2019-04-04T20:10:34Z'}",False
15,After a week trying dailypay i loved it. Got to pay my bills on time which is great. But usually Thursday at 3am i usually get paid by my employer but when i woke up i did not receive the rest of my check. I was notified that basically the employer sends the funds to dailypay and holds the money until friday regardless. So basically the rest of my hard earned money is held hostage. Not happy and will be deleting my account until i get all of my money.,2,Good Idea but basically check is held hostage.,Xkingxkaosx,2020-02-13 13:27:42,,False
16,"I used to see my money daily at 10am if not a bit earlier. However since the last update itâ€™s been hit and miss. Forget getting it on a Sunday, even though they say Monday-Sunday morning postings. As I write this itâ€™s 1900 on a Sunday and still no posting from yesterday.",5,Last update,MosherR1967,2020-06-15 02:03:09,,False
17,"Itâ€™s good when it works. Iâ€™ve used it for a week, and it was stable for a while, but woke up and checked it today only to see my balance and total earnings (everything) says $0 now...
I doubt this effects my actual payment since I never switched banks with daily pay and never withdrew money early, but still disappointed that this happens.",3,Itâ€™s okay,ShownDown,2020-10-19 02:37:37,,False
18,"Iâ€™m rating it 3 stars because at first it wouldnâ€™t let me sign in with my debit card so I used another one I had. Secondly , I used the app multiple times to cash out my paycheck early and appreciate it. But right now I need the money to pay my bills and Iâ€™m trying to transfer early and it is saying thereâ€™s an issue with my card even though Iâ€™ve used it multiple times before!!",3,Its okay,tristarobertson,2019-07-21 10:46:35,"{'id': 9784918, 'body': ""Thanks for leaving a review! We'd like to investigate this further. For any insight into debit cards compatible with DailyPay, please contact our support team."", 'modified': '2019-07-22T13:10:29Z'}",False
19,"I loved this app bc I was able to get paid everyday and pay the rent on time. But now like seriously?? This problems been going on for MONTHS. I didnâ€™t mind at first but now itâ€™s annoying, I work 5 days straight and it doesnâ€™t update my pay for not one of those days. Itâ€™ll literally update 10 cents like bro I worked 12 hours the day before and it updated today to 41 CENTS.... it hasnâ€™t updated the pay in like 4 days already. Once I finish this pay period Iâ€™m canceling this smh",1,So annoying,x.xjo,2020-06-20 14:15:18,,False
20,"This app never let me down. Itâ€™s always on time and is a great source. I do not abuse it, but itâ€™s good to know that the money is there when you need it. I canâ€™t stress it enough, daily pay has saved my life more than once!!!",5,DailyPay,hea yes tree,2020-05-21 04:27:45,,False
21,The cash instantly feature does not work for some reason and when I tried to contact somebody about it I was constantly told that it was my bank messing up the transfer when it was in fact the app. Other features work great though just upset over the promise of cash that day not being fulfilled.,3,Cash now Feature broken,Danzy99,2020-02-21 19:00:07,,False
22,"You can not receive your paycheck instantly if you donâ€™t have a certain Visa card. But yet you can get your pay in two days through the same bank account. So basically you have to request your money ahead of time. If you need money instantly, that day, for bills, etc. better hope you have the right type of Visa card! Because of â€œthird partiesâ€ as if I havenâ€™t already used the app to receive money, requesting it only ahead of time that I was allowed.",1,Donâ€™t even bother,irrelevantusername,2019-07-04 02:30:41,"{'id': 9520611, 'body': ""We're sorry to hear you had a frustrating experience. If you have any further questions on what debit cards are compatible with our service, please feel free to reach out to employee.support@dailypay.com."", 'modified': '2019-07-05T21:31:52Z'}",False
23,"The app has its ups and downs, but the biggest thing for me is having to type in my email, wait, then type in my password. For starters, it should all be on one screen. Second, why is there no option to use iCloud Keychain, 1Password, LastPass, etc. as well as FaceID to unlock? Would definitely make the process of having to log in every time much less frustrating.",2,FaceID or iCloud Keychain support would be nice,Soren446,2020-02-09 17:29:34,"{'id': 13610678, 'body': 'We are currently working on a version that improves the login experience as well as many other issues. Keep an eye out for that! In the meantime we are really sorry about your experience and completely understand.', 'modified': '2020-02-20T17:05:02Z'}",False
24,"I used my email to log in. No problem! But then I tried using the â€œ sso â€œ which is what my work goes through with this company An there page wont load! I tried on a p.c, a tablet , an a mobile device ! Itâ€™s frustrating one day being able to access your money early , the next day it doesnâ€™t work.",3,Issues logging in,Stinkdog619,2019-07-24 18:08:25,"{'id': 9845349, 'body': ""We're sorry to hear you had a frustrating experience. We'd like to investigate this further. Can you reach out to employee.support@dailypay.com?"", 'modified': '2019-07-25T13:21:00Z'}",False
25,"Very accurate and fast app! Just the concept that I get my money when I need it sold me on using DailyPay. Since Iâ€™ve started using it, it has saved me from quite a few financial messes!",5,Very Helpful,Chris 7777777,2020-02-23 20:54:39,,False
26,"Itâ€™s a good app when it works. I got a new debit card - same checking account - and the website wonâ€™t let me add my card. Keeps saying â€œinvalid card detailsâ€. I contacted my bank and they said there was nothing wrong on their end or the cardâ€™s end. I contacted customer service and I got an unprofessionally written email, filled with typos, saying thereâ€™s nothing they can do about.",2,It used to work,kdawn930,2019-05-30 15:19:54,"{'id': 8953213, 'body': ""Thank you for your review. We are investigating this further. We're sorry to hear about your experience and your feedback is valuable to help us improve moving forward."", 'modified': '2019-05-31T13:39:57Z'}",False
27,Do not get this app if your planning on getting 100 stole from in one setting I had contact the company and everything they said that I had a negative balance and they are helping so I donâ€™t have one. But how do I possibly get in the negative when they wonâ€™t even let you with drawl over the available balance!! ðŸ¤¨ðŸ¤¨ hmm yeah no Iâ€™m getting ready to move and I have to quit if I EVER come back to my company! I will NEVER use them again,1,They stole from me,PK BRI,2019-11-26 01:33:13,"{'id': 12137840, 'body': 'We apologize for the frustrating experience, and inconvenience caused. Can you reach out to employee.support@dailypay.com for us to investigate further?', 'modified': '2019-12-01T04:50:36Z'}",False
28,Doesnâ€™t update my earnings. Didnâ€™t get anywhere on live chat. Called and was told it could take up to 3-5 business days for earnings to update. App says daily pay and balance was suppose to update every 24hrs now its 3-5 business days. Some need change with app or no1 needs to use it. Useless when I canâ€™t access my earnings for day and have to wait till Friday to get paid when I normally paid Wednesday or Thursday.,1,Daily pay not so daily,Abdullahrahman7,2019-11-21 09:22:49,"{'id': 11978789, 'body': 'We are sorry if there has been any confusion. Can you reach out to employee.support@dailypay.com for us to look into this further on your behalf?', 'modified': '2019-11-21T15:39:14Z'}",False
29,"I downloaded the app as it was recommended from my job and at first was working fine. After about 3 days of receiving my pay, it all went missing when I went to transfer it to my bank account. I tried to get into contact with someone about this issue and it has yet to be resolved. I want my money back that went missing. Never using this app again.",1,Money is GONE,br3k3f12,2020-09-25 05:18:25,,False
30,Do not use Daily pay they will find ways ro make you oay them more money. Ive requested money once $200. And havent requested money since. Then they sent me a check with no explanation. Now ive paid 1455 dollars and they are still asking for $735 when the check they sent me was only $1118. Do not use them. They have screwed me over during a pandemic. Barley have any money because Daily is taking it,1,Do not use Daily Pay,Quinton Leaks,2020-05-06 10:41:18,,False
31,DailyPay has been awesome to use. When a bill is due before my pay day I can now pay it! I am more than pleased. Thank You for providing this service.,5,Always On Time â€¼ï¸,Jelly258,2020-02-23 00:11:48,,False
32,"Thereâ€™s next to no difference between the online version and this app, even then youâ€™d expect for an app like this to be properly optimized for iPhone X and up because of how some content is cut off the top by the notch. Itâ€™s also badly designed, but it functions fine... which I guess is all they care about.",2,Just a website as an app,joshwcorbett,2020-05-14 20:28:18,,False
33,I would like to start by saying this app only is good for viewing your earning other than that I have tried 2 times to pull funds with the app and it has denied them both times I would be satisfied with the app if that problem was fixed,3,Decent app,PrezAsh23,2020-09-23 00:02:10,,False
34,"If the whole point of the app is to reduce financial stress so we can have accept to our money same day, then why make us pay a fee every time that we might as well save the $21 bucks for the week? Why isnâ€™t the entire pay for the day available and only showing have the earnings? We get taxes taken out already. Anything extra isnâ€™t worth paying for.",1,Not worth it.,NaraQueen,2020-09-21 03:32:38,,False
35,This is a very user friendly app that helps you when you need it most. I only wish that the next update has biometrics in the software so I donâ€™t have to log in each time.,4,Great convenience,Jgauthier,2020-05-28 13:45:34,,False
36,Love the app. Only thing i would change is the login process. Annoying that i have to type my info in every time.,5,Convenient,kaitamadio,2020-02-26 00:03:42,,False
37,"For those as needed situations, this app has really been a lifesaver in that if gives me access to some of my finances! Thanks again! 

Thankfully, 

Rich",5,The greatest app Iâ€™ve ever downloaded! Thank you!,I am Convicted!,2020-03-02 06:17:25,,False
38,Now Iâ€™m worried I wonâ€™t get paid on time. After reading all the reviews. This is my first week using it. Hope I get paid on the day I get paid.,5,Hope I get paid,guzman75160,2020-10-22 08:46:51,,False
39,As god says he will make u the head and not the tail when Iâ€™m in need itâ€™s hard to borrow money now I donâ€™t have to also I can pay my bills when due emergencies come IM good,5,A true blessing,Rulee1979,2020-02-21 12:02:13,,False
40,Hi I worked at a company that offered this app to the employees. I am no longer with the company but would like to use the app. Do you plan on offering the app without employer participation?,5,Need this app without the employer,Outlivingmylife,2020-01-11 19:44:44,"{'id': 12892737, 'body': 'Thank you for your review! Unfortunately, DailyPay is only a benefit offered through partnering employers at this time. Should your new employer offer DailyPay, we will be able to reactivate your account on your behalf. ', 'modified': '2020-01-13T20:17:15Z'}",False
41,Getting paid daily I'm able to keep up better with my bills and have extra money when I need it.,5,Like it!,ScottNA,2018-12-12 04:34:59,"{'id': 8065640, 'body': 'We appreciate your feedback. Thanks for taking the time to share your experience.', 'modified': '2019-04-04T19:59:41Z'}",False
42,I love daily pay itâ€™s convenient itâ€™s help when your in a hardship and you can access it any time you need thatâ€™s awesome,5,Daily pay is great,gemini`jay,2020-02-24 16:53:06,,False
43,I never had an issue before but for the past two weeks. My available balance doesnâ€™t want to update. I know the hours are there but it wonâ€™t let me see anything. Normally it works great and is a great app. Just hoping these issues are fixed soon,2,Hours worked,bannbridges,2019-12-16 05:41:37,"{'id': 12453146, 'body': ""We're sorry to hear that you are experiencing difficulties. Our team is actively focused on resolution. Please reach out to employee.support@dailypay.com for further updates, and we do apologize for the inconvenience."", 'modified': '2019-12-17T21:30:40Z'}",False
44,"Iâ€™ve had this app for four months and I canâ€™t tell you how many times it has messed up for me. Right now I am currently on the tenth time it has messed up and itâ€™s the worst one, I ran out of groceries three days ago and have worked every day since yet still my app has not updated, so here I am havenâ€™t eaten in three days already thanks daily pay",1,Donâ€™t use it ðŸ¤·ðŸ¼â€â™‚ï¸,ragequitredding,2019-11-12 08:17:44,"{'id': 11830210, 'body': ""We apologize that you've had a frustrating experience. Can you reach out to employee.support@dailypay.com for us to look into this further for you?"", 'modified': '2019-11-13T21:46:18Z'}",False
45,"Please donâ€™t waste your time on this app , I wasnâ€™t even able to use the app for weeks Bc they messed my check up. Then on payday I always gotta wait to the end of the day to receive and still my check gets soo much taken out from dailypay and I havenâ€™t been using Bc of the money I owed Bc of dailypay. I would not recommend to anybody , this app is the worse.",1,DONT WASTE YOUR TIME,mvntyx,2020-04-28 12:27:49,"{'id': 15084883, 'body': 'Thank you for bringing this to our attention. Weâ€™re sorry you had a bad experience. We are always looking for ways to improve.\nCould we help you in Support? Please contact us at employee.support@dailypay.com', 'modified': '2020-05-04T15:52:58Z'}",False
46,Daily helps me budget better so I'm able to support my family.,5,Daily helps me budget better so I'm able to support my family.,lmc1029,2019-01-26 02:31:27,"{'id': 8065672, 'body': 'Thanks for taking the time to share your experience. We appreciate the kind words.', 'modified': '2019-04-04T20:03:32Z'}",False
47,When will you update the app for new iOS system?? App has been terrible and wonâ€™t even open.,5,Update app!!! ASAP!,Stever08,2019-10-03 04:35:00,"{'id': 11058179, 'body': 'Sorry for the issues with the app! We are publishing an update that should hopefully fix things for iOS 13.', 'modified': '2019-10-04T13:09:11Z'}",False
48,you canâ€™t connect a Visa card even if it is what is connected to your checking account. They told me to go purchase a prepaid MasterCard and that there was something wrong with my Banking info but there wasnâ€™t according to the bank. It was supposed to be easy but it has been a nightmare. I signed up for next day but didnâ€™t get it deposited next day. ðŸ˜¡,1,Bummer,Tbuckles1316,2019-05-22 11:42:12,"{'id': 8820432, 'body': ""We're sorry to hear you had a frustrating experience. We are investigating this further, and apologize for any inconvenience."", 'modified': '2019-05-23T13:50:38Z'}",False
49,Long load times when I click on the app it shows the logo for about 15 minutes before it login information. aggravating like crap,3,Forever and a day,BigDawlph44,2020-07-21 20:14:06,,False
50,Itâ€™s been sometimes like to day I didnâ€™t get a update on my earnings itâ€™s been 4 days they say give it 72 hours was yesterday just saying somethings it want update,3,Itâ€™s feel good when you get your money on time,shad banks 864,2020-09-20 23:45:20,,False
51,please do not use this app. they have really bad customer service and they took money from my check that i needed bc they supposedly did not get my check from my job which I have absolutely no control over. I need my money today and I feel like they donâ€™t care about anything but their money and not customer values.,1,Not pleasant,hooverv11,2019-07-12 19:02:27,"{'id': 9689198, 'body': ""We're sorry to hear you had a frustrating experience. If we can help clarify anything further, please do reach back out to our support team."", 'modified': '2019-07-16T14:16:17Z'}",False
52,I use daily pay to get paid DAILY. Worked all day today and didnâ€™t get a single penny. Nothing is showing up in my account. It is now 1 a.m. and nothing. I knew something was off when I wasnâ€™t getting balance updates this morning. Now I have to wait until Monday to get in contact with support.,1,Not getting paid.,Ghbjjkojgtf,2019-05-04 06:03:02,"{'id': 8532425, 'body': 'Thank you for bringing this to our attention. Weâ€™d really like to investigate this further. Please reach out to employee.support@dailypay.com, and we apologize for any inconvenience.', 'modified': '2019-05-06T13:27:50Z'}",False
53,Itâ€™s an okay way to get wary money. Always appreciate that. But it could a finger print log in feature or saved log in information. Would make it much easier.,3,Okay,Chitobruh,2020-07-01 06:26:17,"{'id': 17190367, 'body': ""Hi Chitobruh,\n\nWe've released touchID and FaceID support! Hope this makes the experience better for you :)\n"", 'modified': '2020-08-10T14:15:38Z'}",False
54,This amazing perk has helped me have the financial stability in my every day life to continue to keep my personal bills on track!,5,Love it!,atk2767,2018-12-12 04:05:30,"{'id': 8065463, 'body': ""Glad to hear you're enjoying our service and the app experience. We appreciate the kind words."", 'modified': '2019-04-04T19:45:27Z'}",False
55,This app used to function but has had an â€œinterruption in in reported earningâ€ that they are trying to resolve according to their notifications and representatives i have spoke with. This has been ongoing since April 22nd & it is now May 8th. The app does not do the only job it is supposed to do!,1,Useless app has not worked in over two weeks,Mornin3635,2019-05-08 10:12:28,"{'id': 8579011, 'body': ""We're sorry to hear you had a frustrating experience. We are investigating this further, and we apologize for the inconvenience."", 'modified': '2019-05-08T21:03:41Z'}",False
56,Amazing app. Super convenient. Consistently had kinks and needs maintenance though? but overall not great experience,5,Appreciate it,aontkjsnai,2020-06-03 19:13:11,,False
57,"Very sad. Downloaded the app Friday, verified ID, it kept updating my statement but would never update my balance. Even tried to text BALANCE to the number and it said my account was inactive. I'll just wait until I get my check. Very very sad for this app.",2,Couldn't get it to work,boolvibes,2019-11-20 17:35:48,"{'id': 11978767, 'body': ""We're sorry to hear about the troubles you've been experiencing. Can you reach out to employee.support@dailypay.com for us to investigate further?"", 'modified': '2019-11-21T15:37:59Z'}",False
58,Was working great and I loved the app. Just updated and it goes to a screen that says click button below but then screen is down to far and you canâ€™t see a button. You cannot scroll down either.  Wished I had not updated. ðŸ˜¡,1,Canâ€™t use after update,Woody'sMom,2020-08-28 23:35:49,,False
59,"I would love to use this app that every one of my coworkers uses but I canâ€™t even put in my information. Every time I try to sign up it takes me to a blank white screen. Iâ€™ve restarted my phone, deleted and re-downloaded the app, no luck. Pretty disappointed.",1,Canâ€™t even use the app,aavannaaaasssa,2020-09-15 03:15:50,,False
60,Fast money transfer when I need it ! This has really helped me since the pandemic,5,Life saver,Regina Cole,2020-08-14 21:37:28,,False
61,Easy access to your money when and if you need it,5,Love this app,Aydenj0721,2020-02-21 21:16:24,,False
62,This service and app is fantastic. So easy to use and clear. Really helps me meet my bills on time.,5,Great service and app,JeffryCat,2018-12-13 11:24:53,"{'id': 8065421, 'body': 'Thanks for the taking the time to leave the kind words. Glad to hear you are enjoying the experience.', 'modified': '2019-04-04T19:43:40Z'}",False
63,I use it for my BITESQUAD gig. No problems ever and Iâ€™ve used it for a over a year. Only issue is the $2.99 fee for IMMEDIATE payout.....but it IS less than an NSF chargeðŸ˜•â€¼ï¸,5,Great app!,TCKain,2020-07-31 16:32:28,,False
64,"My pay used to be available over night after I worked. Since the update it keeps getting later in the day, sometimes 2 days later. Calling support does no good they only say oh itâ€™ll update later.",1,Absolute junk since last update.,kkpratt,2020-01-04 19:53:10,"{'id': 12753393, 'body': 'We are sorry to hear that you did not have a positive experience using DailyPay. We are also disappointed to hear that you did not have a positive experience when trying to reach out to our Support Team. We want to assure you that we are always working to ensure we provide the best service and support.', 'modified': '2020-01-06T18:41:11Z'}",False
65,It has been great and very consistent getting paid so quickly!,5,DailyPay,incognitowalrus,2018-12-12 04:10:25,"{'id': 8065555, 'body': 'Great to hear.  Thank you for the feedback.', 'modified': '2019-04-04T19:53:20Z'}",False
66,My whole crew and I were laid off and I wasnâ€™t paid through the app like normal. They withheld the funds and I have been on customer support for an hour . The wait time thing keeps saying its only a 3 minute wait but thats a lie. Do not use this app no customer service at all .,1,Do not use!!!,twilightreader,2020-02-07 15:25:30,"{'id': 13585680, 'body': 'Thank you for bringing this to our attention. Weâ€™re sorry you had a bad experience. We are always looking for ways to improve. If there are additional items we can assist with, please contact us at employee.support@dailypay.com', 'modified': '2020-02-19T15:19:05Z'}",False
67,Iâ€™ve worked and wasnâ€™t able to pull out money on multiple occasions I can barely get the app to open takes me 20 times plus always says bag gateway ! This app needs to be fixed,2,App is constantly laggy,this could be alot better,2019-10-04 21:54:15,"{'id': 11102705, 'body': ""We're sorry to hear you were experiencing difficulties. We're always looking for ways to improve our service. "", 'modified': '2019-10-07T14:43:36Z'}",False
68,"The app hasnâ€™t been working for 4 days. I was cashing out almost daily since Iâ€™ve been broke since corona virus started and hour cuts. It keeps saying the server is timing out and I get perfect service on my phone. :( once itâ€™s fixed. If itâ€™s fixed, Iâ€™ll update my review.",1,Interrupted service,Soak qualification,2020-06-30 15:33:03,,False
69,"DailyPay pay is a double edge sword 
It is great to have access to our paycheck 
Before payday but must be managed .
I have had coworkers who have been in dire straits for getting to much out and not having 
Enough for bills. I love it !!! And I use it a lot
I also make sure that I use it correctly",5,Must be managed,king100X,2020-02-22 15:48:29,,False
70,"Finally, an app that does what it says. Easy to use and set up. Lovinâ€™ the Daily Pay.",5,It works,D Boston,2019-01-27 18:17:51,"{'id': 8065686, 'body': ""Thank you for the kind words. We're glad you're enjoying the app and our service."", 'modified': '2019-04-04T20:06:10Z'}",False
71,If your job tries to make you use this app DONâ€™T. They always miss place money and the customer service reps are ATROCIOUS. Iâ€™ve been on the phone 2-3 times with these people and each one knew nothing regarding a simple question. A manager included. The app always has issues as well,1,The worst,jewel1937278,2019-09-13 13:57:52,"{'id': 10708073, 'body': ""We're sorry to hear you had a frustrating experience. We are always looking for opportunities to improve and grow."", 'modified': '2019-09-16T16:15:05Z'}",False
72,After reading other reviews I know Iâ€™m not alone. If we work hard and look forward to cashing out our earning at the end of a hard shift we should be able to! Itâ€™s been three days and my account is still at ZERO.,1,Completely UNACCEPTABLE,Beyonce T,2020-09-01 21:14:13,,False
73,Keeps track of my pay check and lets me use it early if needed,5,This app dope,Xdove,2020-07-22 00:00:09,,False
74,"DP is a very good app, I just donâ€™t quite understand how it works when you borrow, then when you get paid on your paycheck, itâ€™s not what I expect. I still love the app though",3,Paycheck,Jgambia,2020-02-28 11:15:02,"{'id': 13965386, 'body': 'Thanks for the feedback.  For additional assistance, please contact us at employee.support@dailypay.com.', 'modified': '2020-03-10T13:47:27Z'}",False
75,Why must I put my email address in and the put my password why not have just one screen it causes the iOS password manager not to show up immediately us screen flash,2,Double login,Flightdakidd,2019-03-18 17:54:36,"{'id': 8065723, 'body': 'Thank you for letting us know about this. Weâ€™d really like to look into this further.  Please reach out to employee.support@dailypay.com, and we apologize for any inconvenience.', 'modified': '2019-04-04T20:12:38Z'}",False
76,DailyPay it self needs an update because once I get my information in the system the app wonâ€™t let me sign in. Keeps telling me they found my account but it will not let me in. Iâ€™ve contacted customer service & itâ€™s still not working.,1,Logging in problems,Myleania,2019-06-10 10:53:22,"{'id': 9114373, 'body': ""Thank you for your review. We're actively investigating, and appreciate that you brought this to our attention."", 'modified': '2019-06-11T13:49:03Z'}",False
77,This such a great app and it really helps me a lot. But I heard that once deactivated you have to pay all of the Ming that was sent to me back.,4,Great App,2020difference,2020-10-14 00:16:22,,False
78,So glad to have this option with my employer. Has truly been a blessing.,5,AMAZING,K3yWii,2020-02-21 14:49:18,,False
79,App immediately closes. Does not run with iOS 13. Uninstalled and will not reinstall. Unfortunately I used to like this app and use it â€œdailyâ€. I can no longer do that. Please update the app or this app will get worse ratings.,1,Must be updated before use with iPhone iOS 13,edincd,2019-09-30 12:31:57,"{'id': 10984032, 'body': 'Sorry for the issues with the app! We are publishing an update that should hopefully fix things for iOS 13.', 'modified': '2019-09-30T20:43:09Z'}",False
80,I love it. Itâ€™s real convenient. Seems like you all stand behind what you say.,5,JF1987,LikesSpace,2018-12-09 15:24:01,"{'id': 8065387, 'body': 'We appreciate the feedback! Glad to hear you are enjoying the experience.', 'modified': '2019-04-04T19:41:59Z'}",False
81,Add a remember me feature makes it hassle typing my email and password every time I get on the app,4,Good app,attxk1,2019-11-19 20:19:13,"{'id': 11956846, 'body': 'Thank you for leaving a review! We appreciate any feedback. ', 'modified': '2019-11-20T14:47:39Z'}",False
82,I was setting up to get some money and it says 404 app not found .... help,5,Need help,Jodieluvsjp,2019-06-13 19:29:47,"{'id': 9171432, 'body': ""We're sorry to hear you experienced an error message. Please contact our support team or visit DailyPay.com to access your account."", 'modified': '2019-06-14T13:48:28Z'}",False
83,If I didnâ€™t have to rely on them for my direct deposit I would never use this company they have no respect for your hard earned money and their customer service agents are horrible excuses for human beings and do not deserve to live let alone handle anyoneâ€™s money,1,Worst ever,Naksndk,2020-02-22 23:05:10,,False
84,Thank you so much I love the opportunities that your giving me,5,Best place,kyle ramer,2020-04-22 22:20:58,,False
85,"Day 1, I make my account and the app says Your ID is being verified. I tap more info and it says please allow 24-48 hours for your OD to be verified. It is now day 4 and itâ€™s still saying the same thing. Trash app will uninstall if not verified by tomorrow.",1,Canâ€™t use,fromdaashes,2020-10-26 03:05:05,,False
86,Donâ€™t like that I get my money the next day,5,Donâ€™t like,Angel9395,2020-02-25 23:57:49,,False
87,"I used daily pay for a few weeks then it kept saying my card failed. When it has not, and everything should be working properly",1,Stopped working,sabrina myrick,2020-01-11 02:44:10,"{'id': 12892706, 'body': ""We are sorry for the inconvenience. We are always looking to improve our service regarding debit card transfers. We've made an adjustment that should allow you to use your debit card again within 24 hours. We do apologize for the trouble."", 'modified': '2020-01-13T20:11:07Z'}",False
88,"This app is horrible. Always has downtime, always has maintenance, sometimes wont update for days. The purpose of this app is helpful but this app barely works. Wish this app would get it together because when it isnt under maintenance its very helpful",1,Dailypay,jayy6vx,2019-12-29 13:10:40,"{'id': 12649887, 'body': 'We deeply apologize for the inconvenience caused. Our periods of maintenance are conducted to ensure we provide you with the best service.', 'modified': '2019-12-30T14:06:54Z'}",False
89,"It's annoying let's be honest. I tried the app when it launched and I tried it again now, still failed right at the login. My work email is too long to type in every single time.",1,Why not save my login info?,b7306,2019-08-11 18:06:33,"{'id': 10129256, 'body': ""We're sorry to hear there has been confusion. DailyPay does not automatically save login information through the app as a security feature. For further information on how our service works, please contact our Support Team at employee.support@dailypay.com. "", 'modified': '2019-08-12T13:35:21Z'}",False
90,"Whenever I get passed putting my info in, it gives me a white screen and does nothing. If you could fix this Iâ€™ll definitely raise my rate.",2,Doesnâ€™t work,KyleTFðŸ¤£,2020-10-24 08:06:02,,False
91,Steer clear. Fees are high. Always have issues on balance updates - they do not update daily as advertised. Instant cash out DO NOT credit to your account as advertised. Customer service is rude! Always down for maintenance frequently.,1,Steer clear!,nobodyha,2019-11-12 20:39:03,"{'id': 11846816, 'body': ""We 're sorry to hear you've been experiencing frustration and appreciate you taking the time to offer feedback. Can you reach out to employee.support@dailypay.com?"", 'modified': '2019-11-14T14:17:11Z'}",False
92,Well if this app would let me create an account Iâ€™d have a better judgment call on it but every time I click sign up it takes me to find youâ€™re account like thereâ€™s nothing to find I donâ€™t have one smh so thereâ€™s that,1,?,crfiels11,2019-10-02 12:27:49,"{'id': 11058178, 'body': 'Sorry for the issues with the app! We are publishing an update that should hopefully fix things for iOS 13.', 'modified': '2019-10-04T13:09:02Z'}",False
93,This app is garbage I canâ€™t do anything I canâ€™t access my settings I canâ€™t do anything at all cause Iâ€™m locked out and customer service has done nothing to fix it is ridiculous I am done with daily pay,1,Terrible app,Greggie_dimes,2020-02-13 23:22:24,,False
94,"Good service, but theyâ€™ve been under maintenance for a little bit now.",4,Pretty Good,BlueHawkeGaming,2019-09-30 12:11:50,"{'id': 10999781, 'body': ""We're sorry for any inconvenience caused. We're always looking to improve our service. "", 'modified': '2019-10-01T13:25:29Z'}",False
95,I have yet to see my check! I did receive a text that my balance went up but when I checked it still said $0. Waste of time!,2,Useless!,Lmarie17,2019-12-23 17:42:23,"{'id': 12569360, 'body': 'We are very sorry to hear you are having a frustrating experience using DailyPay benefit. Please kindly reach out to our Support Team so we can help investigate your account activity.', 'modified': '2019-12-24T15:12:11Z'}",False
96,It was great at first but now it has stop working. I get a failure to connect to network now. Really frustrating,3,Not working anymore,Leonidas 423,2019-08-06 10:31:23,"{'id': 10054594, 'body': ""We're sorry to hear you had a frustrating experience. We'd like to investigate this further. Can you reach out to employee.support@dailypay.com?"", 'modified': '2019-08-07T13:24:21Z'}",False
97,Wonâ€™t deposit my check from my bank cause there holding it called to talk to them about t and they said itâ€™s my banks fault called my bank and said they never sent it so now itâ€™s holding my check from me,1,Trash,Fatsammi99,2019-07-05 20:54:59,"{'id': 9615451, 'body': ""We're sorry to hear you are having a frustrating experience. If you have any further questions on what bank accounts are valid, please reach out to employee.support@dailypay.com."", 'modified': '2019-07-11T14:44:16Z'}",False
98,Claimed they havenâ€™t received my hours when all my other co workers hours were sent over and tells me they would get back to me in 3 days. So now I have no money!,1,Claims they havenâ€™t received my hours,whitney2256,2020-09-01 19:46:18,,False
99,Transfer fee is too expensive,4,Transfer Fee,4MISTONI,2020-07-08 12:23:27,,False
100,Can y'all fix the app ASAP I just ordered my food,5,Hurry,Stuelz,2020-01-06 23:14:06,"{'id': 12797583, 'body': ""We deeply apologize for the inconvenience caused. Please don't hesitate to reach out to us at employee.support@dailypay.com to investigate any ongoing issue."", 'modified': '2020-01-08T14:45:05Z'}",False
101,"It is a very useful app, but be weary. It is addictive. Be smart, and donâ€™t borrow too much.",5,Great app!,SmileyRichie,2020-03-04 00:31:55,,False
102,Now I can pay my bills on time âœ…,5,Wooow this is new ðŸ”¥ðŸ”¥,haydenpineda,2020-03-08 19:25:24,,False
103,Worst app you can use they have no help for you as a consumer and when you try to call them for assistance they lie and end up hanging up on you when they can not back up their lies. Never will be using or recommending this app.,1,WORST APP,theyrudtzb,2019-06-18 19:36:26,"{'id': 9248474, 'body': ""We're sorry to hear you are having a frustrating experience. If you are experiencing difficulties over phone, our support team offers also assistance over email at employee.support@dailypay.com."", 'modified': '2019-06-19T13:26:53Z'}",False
104,Hours you work take forever to post. Contacted DP multiple times. However Iâ€™m still having issues with my funds being available. Tbh I would not recommend this app.,1,App is sorry,jnea7764,2019-06-13 17:31:45,"{'id': 9171394, 'body': ""We're sorry to hear you are having a frustrating experience. DailyPay receives automated reports of worked hours from the timekeeping systems. For further insights into how hours are reported, please contact our support team."", 'modified': '2019-06-14T13:46:36Z'}",False
105,"Good app, but I canâ€™t get into it because my password wonâ€™t work",4,Good,broylez4lyfe,2020-10-28 20:02:25,,False
106,I donâ€™t understand why yâ€™all are ALWAYS doing maintenance and not tell anyone completely ruined my day today,3,Ehh,LizzieLu518,2020-08-30 15:32:02,,False
107,When I got the app it was working. Now I go on it and it shows a error message when I open it . Can only do transfer from the web page on a browser.,1,The app does not work,sanne1269,2019-02-27 13:59:59,"{'id': 8065748, 'body': 'Thank you for letting us know. Weâ€™d really like to look into this further. Please reach out to employee.support@dailypay.com, and we apologize for any inconvenience.', 'modified': '2019-04-04T20:15:17Z'}",False
108,"1204
$
The amount that Daily Pay saves Team Members on average, per year, in reduced fees from loans, overdraft and late fees
85
85
%
of Team Members say DailyPay makes them better able to budget and pay large monthly bills
74
74
%
of Team Members report that DailyPay has helped reduce financial stress",4,Target partnered with Daily Pay,Kjk64,2020-10-24 03:57:17,,False
109,Youâ€™re better off getting paid by your employer. DailyPay fees and taxes will drain your check until theyâ€™re making all the money you work for,1,Donâ€™t use this app,stevie mcCurry,2020-09-01 16:26:16,,False
110,"Good app to help with accessing your paychecks and submitting them to your bank account.
Since the new update the app has been crashing and not even going to the home sign in page",1,App Crashing,MoDav1s,2019-09-24 17:33:11,"{'id': 10916204, 'body': ""We'd like to investigate this further for you. Can you reach out to employee.support@dailypay.com?"", 'modified': '2019-09-26T19:29:48Z'}",False
111,Helps me get money when I need it,5,I love using DailyPay,kphill2416,2020-02-20 17:11:52,,False
112,helpful to see how much I work,5,So helpful,kcc6580,2018-12-12 03:06:34,"{'id': 8065580, 'body': ""Thank you for your feedback. Glad to hear you're enjoying our service and app."", 'modified': '2019-04-04T19:55:05Z'}",False
113,"Everytime I need to withdraw any money, it says that there is a problem with my card or that I need to try again in 24 hrs, I really need the money for rent, and I canâ€™t get to it. Explain how this is fair?",1,Problems withdrawing,it SCAMS you,2019-11-22 11:42:38,"{'id': 12137837, 'body': ""We're sorry to hear about the troubles you've been experiencing. Can you reach out to employee.support@dailypay.com for us to investigate further?"", 'modified': '2019-12-01T04:49:28Z'}",False
114,Disappointed. Tried to deposit money into my account. But they only gave me $100 of it. Now the rest of my money is gone. So upset. This is like a hack!,2,Terrible App !!!!,kc1998159,2019-02-06 00:55:38,"{'id': 8065769, 'body': 'Thank you for letting us know. Weâ€™d really like to investigate this further. Please reach out to employee.support@dailypay.com', 'modified': '2019-04-04T20:18:31Z'}",False
115,They put my account in negative and I donâ€™t understand why ! The amount that their staying is false ! I want it fixed Iâ€™m not paying for anything I didnâ€™t spend,1,Horrible,shanekababyy,2020-04-15 03:01:03,"{'id': 15084922, 'body': 'Thank you for your review. We are sorry to hear you had a bad experience and we appreciate you bringing this to our attention. \nCould we help you in Support? Please contact us at employee.support@dailypay.com', 'modified': '2020-05-04T15:54:10Z'}",False
116,I love you.,5,Daily Pay Application,swag20202020,2020-04-26 00:51:55,,False
117,"Great app works amazing, and has helped me tremendously",5,Love this app,BeautifulNurse,2020-02-21 15:43:01,,False
118,Love how easy it is,5,Very convenient,Dave Shafy,2018-12-12 15:20:12,"{'id': 8065623, 'body': ""Glad to hear you're enjoying the experience. Thanks for the feedback."", 'modified': '2019-04-04T19:58:11Z'}",False
119,When i hit find my account it does absolutely nothing. This is my second day trying this.,1,Not working!!,Daimo B.,2020-10-25 13:28:32,,False
120,"Life saving app!
Thank you",5,Thanks,Jaye K,2020-02-29 14:27:30,,False
121,Crashing & will not load at all after most recent update.,1,Crashing,lauren04aragon,2019-09-29 04:21:04,"{'id': 10984026, 'body': 'Hi Lauren,\n\nSorry to hear about the crashing! We are publishing an update to the app that should fix things for iOS 13. ', 'modified': '2019-09-30T20:42:34Z'}",False
122,"Every time I close out of it, it logs me out",4,Love it except,HexxOfficial,2020-07-20 13:38:55,,False
123,After it did a maintenance check or whatever I can no longer access my money...,1,Ugh,chris_Fry400,2019-12-29 07:46:45,"{'id': 12649909, 'body': ""We deeply apologize for the inconvenience caused. Our periods of maintenance are conducted to ensure we provide you with the best service. Please don't hesitate to reach out to us at employee.support@dailypay.com to investigate any ongoing issue. "", 'modified': '2019-12-30T14:08:21Z'}",False
124,This app never works right it keeps crashing and freezing and it never deposited one of my transactions,1,Terrible,AaronicaPL,2019-12-27 15:33:09,"{'id': 12649833, 'body': ""We're sorry to hear that you are experiencing difficulties. Please don't hesitate to reach out to us at employee.support@dailypay.com to investigate any ongoing issue. "", 'modified': '2019-12-30T14:04:13Z'}",False
125,"Iâ€™ve called the help line and all my debit card info is correct, but I always get â€œunexpected error occuredâ€ on same day transfers.",1,Same day transfers never work,Grogy123456,2020-03-06 16:51:59,"{'id': 13965348, 'body': 'Thank you for letting us know about this. Your feedback helps us get better. We are looking into this issue and hope to resolve it promptly and accurately. \n\nCould we help you in Support? Please contact us at employee.support@dailypay.com\n', 'modified': '2020-03-10T13:45:17Z'}",False
126,I shouldnâ€™t have to pay for my own hard work.,2,Rediculous,bshdkdggei,2020-02-29 16:25:40,"{'id': 13877147, 'body': 'Thank you for the feedback as we are always looking for ways to improve. ', 'modified': '2020-03-05T14:43:52Z'}",False
127,Never have to be broke,5,The best app,ak red,2020-02-21 01:22:55,,False
128,Itâ€™s great just donâ€™t like the fees,3,Daily pay,chelsluva,2020-03-03 13:43:19,"{'id': 13965358, 'body': 'Thank you for the feedback as we are always looking for ways to improve.', 'modified': '2020-03-10T13:45:51Z'}",False
129,Every time I try to sign up it takes me to find an account instead. Dysfunctional app,1,Wonâ€™t let me sign up,RegieJR,2020-03-18 08:27:00,"{'id': 14341457, 'body': 'Sorry to hear about your experience with the DailyPay App. \nPlease contact us at employee.support@dailypay.com for assistance.', 'modified': '2020-03-30T17:55:20Z'}",False
130,When i first got it was ok now i donâ€™t know itâ€™s because the update i canâ€™t even open the app to sign in now its bugging,1,It was ok before,Chevy509,2019-09-27 17:56:23,"{'id': 10984019, 'body': 'Sorry for the trouble! We are publishing an update to the app that should fix things for iOS 13. ', 'modified': '2019-09-30T20:42:04Z'}",False
131,Iâ€™m trying to sign up but the app will not let me And when I call the number I can never speak to anyone,1,I need help,Chi chi's daddy,2019-09-30 17:10:29,"{'id': 10999785, 'body': ""We're sorry to hear there has been confusion. Can you reach out to employee.support@dailypay.com for us to investigate further?"", 'modified': '2019-10-01T13:26:01Z'}",False
132,My money from the other day doesnâ€™t add up,2,Amount,trj7467,2020-02-27 21:21:11,"{'id': 13877108, 'body': 'Weâ€™d really like to look into this further.  Please reach out to employee.support@dailypay.com', 'modified': '2020-03-05T14:42:34Z'}",False
133,Why should I get charged for using my own money??????,2,Lame,1kCam,2020-02-23 02:11:04,,False
134,Once I select the app it wonâ€™t open. Force closes after selecting it,1,It doesnâ€™t work,Pitopii,2019-10-06 11:30:44,"{'id': 11102726, 'body': 'Sorry for the issues with the app! We are publishing an update that should hopefully improve our service. ', 'modified': '2019-10-07T14:44:17Z'}",False
135,"Why wonâ€™t yâ€™all just admit yâ€™all donâ€™t work on weekends, and change your name to Something besides daily????",1,I hate Yâ€™allðŸ˜©,andapple1,2020-02-24 18:48:06,"{'id': 12822865, 'body': ""Thank you for taking the time to leave a review. We appreciate for the feedback, and do apologize that you are having a less positive experience. If there's anything further we can investigate on your behalf, please don't hesitate to reach out to employee.support@dailypay.com. "", 'modified': '2020-01-09T15:46:41Z'}",True
136,Whenever I try to sign in my screen turns white..,1,App issues I think,mrs. reviews,2020-10-20 20:23:36,,False
137,Great concept but the application is trash,1,Doesnâ€™t work when you need it to,anotherbrokefellow,2019-03-26 13:30:43,"{'id': 8065737, 'body': 'Thank you for your feedback. As we grow, we are always looking for ways to improve. Please reach out to employee.support@dailypay.com if you have any questions regarding our services.', 'modified': '2019-04-04T20:14:25Z'}",False
138,The app crashes as soon as I open it. I need to use it for work,1,Crashing,updateeethisthing,2019-09-24 02:33:11,"{'id': 10916199, 'body': ""We'd like to investigate this further for you. Can you reach out to employee.support@dailypay.com?"", 'modified': '2019-09-26T19:29:36Z'}",False
139,This app stole my money that I worked hard for !!!! DO NOT DOWNLOAD THIS APP !! I need my money NOW !! Itâ€™s been a whole month and I still have not received my money !!,1,BS !!!!,heated employee,2020-01-04 03:59:21,"{'id': 12753361, 'body': ""We deeply apologize for the inconvenience caused. Please don't hesitate to reach out to us at employee.support@dailypay.com to investigate any ongoing issue."", 'modified': '2020-01-06T18:36:58Z'}",False
140,Very great app. Very convent and helpful,5,Review,lamontred,2020-03-08 04:39:00,,False
141,ditto,5,great way to waste my money thats not bad tho,hunter602424,2020-08-04 20:18:08,,False
142,I canâ€™t even begin to start is not worth my time  . It just horrible,1,Worst. Company ever,Ulquiorra21,2019-06-07 14:18:20,"{'id': 9114407, 'body': ""We're sorry to hear that you had a frustrating experience. If you have any questions on how to create an account, please reach out to employee.support@dailypay.com."", 'modified': '2019-06-11T13:50:46Z'}",False
143,Needs major update such as automatic login,2,Out dated,$liq,2020-01-30 00:37:28,"{'id': 13205710, 'body': 'We deeply apologize for any inconvenience. We do not offer an automatic login at this time in order to ensure DailyPay account security. Should you have any questions on logging in, feel free to reach out to employee.support@dailypay.com. ', 'modified': '2020-01-30T16:02:37Z'}",False
144,"This app is trash! constantly crashing, can't rely on this worthless app!",1,Trash,Yamilet Rodriguez,2019-09-17 02:06:23,"{'id': 10916155, 'body': ""We're sorry to hear you had a frustrating experience. Can you reach out to employee.support@dailypay.com?"", 'modified': '2019-09-26T19:27:03Z'}",False
145,Love any day ..pay day!!!,5,Love. Payday,Budd Brook,2020-09-17 20:41:14,,False
146,It says transfers your paycheck on payday this is day after still not transferred !,1,Pay,Jdarlin.Cam,2020-03-15 13:05:39,"{'id': 14341478, 'body': 'Sorry to hear about the issues you are having with your transfer.\n\nPlease contact us at employee.support@dailypay.com for assistance.', 'modified': '2020-03-30T17:56:11Z'}",False
147,DO NOT USE DAILY PAY. My employer even tried to warn me about the app but I still tried anyway. Donâ€™t be like me.,1,Assed out,901IceMane,2020-01-14 22:01:11,"{'id': 12975997, 'body': ""We're sincerely sorry to hear you had a frustrating experience regarding this instance. If there is anything our team can help assist you with, please reach out to employee.support@dailypay.com. "", 'modified': '2020-01-17T14:09:07Z'}",False
148,Charged me 9.99 to download this app without even asking me if I wanted to purchase it,1,DailyPay,vona916,2019-11-11 14:06:46,"{'id': 11830192, 'body': ""We're sorry to hear about this. We'd like to investigate this further. Can you reach out to employee.support@dailypay.com?"", 'modified': '2019-11-13T21:44:44Z'}",False
149,Wonâ€™t let me create a account,2,Y,dahomiebg,2019-09-18 02:46:20,"{'id': 10916168, 'body': ""We're sorry to hear there has been confusion. Can you reach out to employee.support@dailypay.com?"", 'modified': '2019-09-26T19:27:38Z'}",False
150,App is a lifesaver.,5,Five Stars,penguin_12,2018-12-10 02:52:41,"{'id': 8065505, 'body': 'Thank you so much for taking the time to leave us this amazing review. It is much appreciated.', 'modified': '2019-04-04T19:48:15Z'}",False
151,They charge you for your money,1,Re,tayhoessssd,2020-02-21 16:39:15,,False
152,This app is so awful and forced me into paying a daily free to get my money.,1,Fraud,Hoopdreams33,2020-02-04 17:52:34,"{'id': 13585662, 'body': 'Thank you for the feedback as we are always looking for ways to improve. If there is anything we can investigate further, please contact us at employee.support@dailypay.com.', 'modified': '2020-02-19T15:16:43Z'}",False
153,Even App is a lot better than this one.,1,Worst App,shiaja ajaj,2019-09-22 14:45:01,"{'id': 10916183, 'body': ""We're sorry to hear there has been confusion. For information on how our service works, please visit DailyPay.com."", 'modified': '2019-09-26T19:28:28Z'}",False
154,Amazing app,5,Great app,landong187,2020-07-23 21:25:18,,False
155,Great ideal,5,Review,GoodguyReidd,2020-04-20 22:56:39,,False
156,I love it...,5,Love it!!!,ablcal,2020-07-09 17:29:02,,False
157,Rip off,2,Fees are TOO HIGH,packnettjr,2020-02-23 14:26:02,,False
158,The fee is bogus.,1,Fee,bbyflixx,2020-02-25 18:56:45,"{'id': 13877069, 'body': 'Thank you for the feedback as we are always looking for ways to improve. \nCould we help you in Support? Please contact us at employee.support@dailypay.com.', 'modified': '2020-03-05T14:40:51Z'}",False
159,...,1,.,AngeredCusxmer,2019-08-21 14:52:58,"{'id': 10300930, 'body': ""We'd like to investigate this further. Can you reach out to employee.support@dailypay.com?"", 'modified': '2019-08-22T13:09:58Z'}",False
160,"Simple app to use I just hat that I have to sign in every single time. No FaceID or at least remember my username ðŸ˜£

**UPDATE: I deleted and reinstalled... BOTH OF MY COMPLAINTS ARE FIXED!!! Lol I guess I had an old version and just needed an update ðŸ˜ðŸ˜ðŸ˜ APP IS PERFECT!!**",5,Love the app... wish it remembered my User/Psed,ledford's law,2020-08-06 10:59:40,"{'id': 17190384, 'body': 'Glad you are liking the new features! We are striving to improve the overall experience.', 'modified': '2020-08-10T14:16:41Z'}",False
161,"I never wrote a review in my life. But they must take money. I Tried it for a week.  my paychecks are usually 640-670$ I only ended up with 530, after saying i grossed 900. Something isn't right. Stay away at all costs.",1,No way,pirtiaangel,2020-08-27 10:49:19,,False
162,"Scheduled maintenance for 2 days 12/30-12/31. It's 1/2 and still in maintenance!! What kind of app techs do you have? Elementary school kids! Other apps I have that goes through maintenance takes a few hours. Why do you need 2 days, or on this case 4 days???",1,2 days maintenance way too long,keleka808,2020-01-02 20:16:44,"{'id': 12753352, 'body': 'We deeply apologize for the inconvenience caused. Our periods of maintenance are conducted to ensure we provide you with the best service.', 'modified': '2020-01-06T18:35:10Z'}",False
163,Itâ€™s a scam. I was supposed to get paid 12/6/19 today is a new day and I have not received my money from these people no one answers the phone no email response. Donâ€™t use this.,1,Scam,leafmingalone,2019-12-07 14:45:49,"{'id': 12364650, 'body': 'We apologize for the frustrating experience, and inconvenience caused. Can you reach out to employee.support@dailypay.com for us to investigate further?', 'modified': '2019-12-12T16:40:12Z'}",False
